{
  "metadata": "1337",
  "settings": {
    "word_separator": " ",
    "character_separator": null,
    "chunk_size": [1, 1],
    "padding": [null, null],
    "reverse_direction": true
  },
  "encoding": {
    "A": ["A", "4", "@"],
    "B": ["B", "8", "6"],
    "C": ["C", "©", "¢", "("],
    "D": ["D", ")"],
    "E": ["E", "€", "3"],
    "F": ["F"],
    "G": ["G", "6", "9"],
    "H": ["H", "#"],
    "I": ["I", "1", "!", "|"],
    "J": ["J"],
    "K": ["K"],
    "L": ["L", "1", "/", "|"],
    "M": ["M"],
    "N": ["N"],
    "O": ["O", "0"],
    "P": ["P", "?", "9"],
    "Q": ["Q"],
    "R": ["R"],
    "S": ["S", "5", "$"],
    "T": ["T", "7"],
    "U": ["U"],
    "V": ["V"],
    "W": ["W"],
    "X": ["X"],
    "Y": ["Y"],
    "Z": ["Z", "2"]
  }
}