{
    "metadata": "2-Left Key Shift",
    "settings": {
      "word_separator": " ",
      "character_separator": null,
      "chunk_size": [null, null],
      "padding": [null, null],
      "reverse_direction": false
    },
    "encoding": {
      "E": "Q",
      "R": "W",
      "T": "E",
      "Y": "R",
      "U": "T",
      "I": "Y",
      "O": "U",
      "P": "I",
      "Q": "O",
      "W": "P",
      "D": "A",
      "F": "S",
      "G": "D",
      "H": "F",
      "J": "G",
      "K": "H",
      "L": "J",
      "A": "K",
      "S": "L",
      "C": "Z",
      "V": "X",
      "B": "C",
      "N": "V",
      "M": "B",
      "Z": "N",
      "X": "M",
      "e": "q",
      "r": "w",
      "t": "e",
      "y": "r",
      "u": "t",
      "i": "y",
      "o": "u",
      "p": "i",
      "q": "o",
      "w": "p",
      "d": "a",
      "f": "s",
      "g": "d",
      "h": "f",
      "j": "g",
      "k": "h",
      "l": "j",
      "a": "k",
      "s": "l",
      "c": "z",
      "v": "x",
      "b": "c",
      "n": "v",
      "m": "b",
      "z": "n",
      "x": "m"
    }
  }
  