{
    "metadata": "Phone Keyboard Cipher",
    "settings": {
      "word_separator": " ",
      "character_separator": null,
      "chunk_size": [1, 1],
      "padding": [null, null],
      "reverse_direction": false
    },
    "encoding": {
      "!": "A",
      ";": "B",
      ".": "C",
      "#": "D",
      "÷": "E",
      "$": "F",
      "%": "G",
      "^": "H",
      ">": "I",
      "&": "J",
      "*": "K",
      ")": "L",
      "?": "M",
      ",": "N",
      "[": "O",
      "]": "P",
      "+": "Q",
      "=": "R",
      "@": "S",
      "/": "T",
      "<": "U",
      ":": "V",
      "×": "W",
      "'": "X",
      "_": "Y",
      "-": "Z"
    }
  }
  