{
    "metadata": "Number-Dot Cipher",
    "settings": {
      "word_separator": " ",
      "character_separator": null,
      "chunk_size": [null, null],
      "padding": [null, null],
      "reverse_direction": false
    },
    "encoding": {
      "1.": "Q",
      "2.": "W",
      "3.": "E",
      "4.": "R",
      "5.": "T",
      "6.": "Y",
      "7.": "U",
      "8.": "I",
      "9.": "O",
      "0.": "P",
      "1..": "A",
      "2..": "S",
      "3..": "D",
      "4..": "F",
      "5..": "G",
      "6..": "H",
      "7..": "J",
      "8..": "K",
      "9..": "L",
      "0..": "<ERR>",
      "1...": "Z",
      "2...": "X",
      "3...": "C",
      "4...": "V",
      "5...": "B",
      "6...": "N",
      "7...": "M",
      "8...": "<ERR>",
      "9...": "<ERR>",
      "0...": "<ERR>",
      "1…": "Z",
      "2…": "X",
      "3…": "C",
      "4…": "V",
      "5…": "B",
      "6…": "N",
      "7…": "M",
      "8…": "<ERR>",
      "9…": "<ERR>",
      "0…": "<ERR>"
    }
  }
  